Class,Name,Examination,Subject,Obtain_Mark,sid
sixth,pjackalin0,unit1,hindi,14,sprs5907s
seventh,ddrennan1,unit1,maths,22,sprs4493s
tenth,lbiers2,unit2,maths,73,sprs3830s
sixth,smidson3,unit1,hindi,49,sprs6822s
ninth,jtheriot4,half-yearly,hindi,30,sprs0464s
seventh,atippings5,quaterly,english,23,sprs5841s
tenth,nferroli6,annually,maths,84,sprs0948s
ninth,abrackenbury7,quaterly,science,59,sprs7951s
sixth,ablomfield8,half-yearly,maths,98,sprs9516s
sixth,nwoolgar9,unit2,maths,11,sprs2422s
sixth,aoxladea,unit2,science,11,sprs4077s
ninth,lburtb,half-yearly,english,62,sprs9360s
seventh,vfinesc,half-yearly,social,24,sprs4225s
seventh,hterrand,unit2,social,56,sprs5518s
ninth,dbrunigese,unit2,maths,55,sprs4478s
ninth,lsummonsf,unit2,english,61,sprs2514s
tenth,emunkleyg,half-yearly,hindi,28,sprs0097s
sixth,umcdiarmidh,unit2,science,90,sprs1894s
tenth,igouldiei,quaterly,english,84,sprs8367s
seventh,tearingeyj,unit2,telugu,76,sprs0960s
ninth,kmcgroryk,half-yearly,social,65,sprs0135s
eighth,dbettyl,quaterly,social,56,sprs2575s
seventh,jcurdellm,quaterly,social,33,sprs2161s
sixth,pcottemn,annually,science,46,sprs5952s
eighth,ehutsbyo,half-yearly,science,35,sprs5725s
eighth,sfullardp,unit2,telugu,97,sprs2080s
seventh,methelstoneq,annually,social,40,sprs4751s
seventh,jascraftr,unit1,english,55,sprs8153s
ninth,gcastels,unit1,social,47,sprs7842s
ninth,edivvert,quaterly,english,52,sprs7443s
tenth,lfyfeu,unit2,telugu,53,sprs1000s
ninth,kculverhousev,annually,english,36,sprs2564s
seventh,dgrimmolbyw,unit1,science,96,sprs2813s
tenth,fbreckenx,annually,hindi,65,sprs9128s
tenth,cbanvilley,half-yearly,science,19,sprs5076s
seventh,gdoughartiez,quaterly,science,17,sprs2505s
tenth,cwhye10,half-yearly,telugu,89,sprs1140s
tenth,nbrian11,unit1,maths,88,sprs1867s
ninth,bboltwood12,unit2,social,24,sprs7743s
tenth,tsparwell13,unit2,science,81,sprs5801s
ninth,ilacey14,unit2,telugu,93,sprs3326s
eighth,akezor15,unit1,english,33,sprs0932s
sixth,jconiam16,half-yearly,maths,39,sprs6100s
seventh,bcartmell17,quaterly,science,33,sprs1400s
sixth,koty18,unit1,telugu,64,sprs3303s
sixth,igeroldini19,quaterly,hindi,87,sprs6792s
seventh,jpala1a,annually,maths,36,sprs4405s
tenth,aliddel1b,unit1,science,88,sprs3822s
ninth,ahulmes1c,annually,hindi,94,sprs6091s
eighth,sstrood1d,half-yearly,hindi,42,sprs9774s
sixth,aschoenleiter1e,annually,science,75,sprs2643s
ninth,aorafferty1f,quaterly,science,74,sprs4616s
tenth,kshorthouse1g,half-yearly,english,80,sprs5924s
eighth,lfoster1h,quaterly,telugu,27,sprs1195s
tenth,gjoder1i,half-yearly,science,84,sprs0431s
seventh,rhadleigh1j,half-yearly,english,78,sprs3883s
seventh,nmullin1k,half-yearly,science,55,sprs3094s
ninth,arasch1l,unit2,social,25,sprs5154s
ninth,tchantler1m,unit2,hindi,97,sprs1158s
tenth,cfinding1n,annually,maths,90,sprs6079s
tenth,mshelsher1o,annually,science,50,sprs6952s
seventh,rprimarolo1p,annually,maths,74,sprs9390s
seventh,asoutheran1q,unit2,telugu,67,sprs4356s
ninth,wfletcher1r,unit1,hindi,69,sprs3569s
sixth,mserman1s,annually,english,85,sprs6202s
eighth,aconnold1t,unit1,science,59,sprs5046s
eighth,prootham1u,quaterly,telugu,55,sprs1334s
sixth,ycunah1v,unit2,maths,26,sprs0359s
sixth,cbutler1w,annually,science,67,sprs1647s
tenth,vsiely1x,annually,hindi,40,sprs9799s
seventh,mcuttles1y,unit1,maths,68,sprs0207s
tenth,katkinson1z,half-yearly,science,82,sprs7966s
ninth,tbarrowcliff20,unit2,science,64,sprs3411s
tenth,lmoreinu21,unit2,hindi,60,sprs7822s
tenth,lpues22,unit1,hindi,63,sprs4330s
tenth,mscranny23,quaterly,hindi,27,sprs0002s
tenth,gmcparland24,half-yearly,maths,25,sprs0577s
eighth,bhavick25,annually,science,74,sprs2758s
tenth,gmacparlan26,quaterly,science,39,sprs8581s
sixth,tesmond27,quaterly,science,74,sprs3209s
eighth,ebromfield28,quaterly,hindi,33,sprs2465s
sixth,ycullinan29,annually,maths,59,sprs3758s
tenth,sthynn2a,quaterly,maths,36,sprs4498s
ninth,sbartos2b,unit2,telugu,26,sprs2695s
ninth,gmantione2c,quaterly,english,90,sprs6012s
seventh,amacnaughton2d,half-yearly,hindi,77,sprs9426s
tenth,hsimeonov2e,unit1,hindi,100,sprs6645s
eighth,shanby2f,unit2,social,91,sprs0119s
eighth,shawlgarth2g,half-yearly,telugu,18,sprs0890s
seventh,tamorine2h,annually,maths,53,sprs5658s
seventh,ndudek2i,quaterly,telugu,27,sprs5778s
eighth,owinkett2j,unit1,social,24,sprs3139s
seventh,amclafferty2k,annually,hindi,23,sprs8956s
ninth,rcastanyer2l,unit2,science,19,sprs5497s
tenth,kbakeup2m,unit2,science,20,sprs0116s
ninth,jclem2n,unit2,english,48,sprs3128s
sixth,lbrailsford2o,unit2,english,33,sprs9257s
tenth,wpilfold2p,half-yearly,hindi,51,sprs4087s
ninth,hobey2q,annually,maths,81,sprs3385s
tenth,mkulvear2r,quaterly,telugu,77,sprs0498s
tenth,chartwright2s,annually,english,33,sprs0175s
eighth,bfrantz2t,half-yearly,english,25,sprs9314s
tenth,dcavell2u,unit2,science,57,sprs6077s
ninth,dstobie2v,half-yearly,maths,89,sprs9142s
seventh,gdiche2w,unit1,hindi,69,sprs4738s
sixth,vbeslier2x,annually,hindi,97,sprs3882s
sixth,tbullas2y,unit1,hindi,92,sprs6329s
sixth,cmacalinden2z,quaterly,maths,76,sprs0996s
tenth,oallanby30,unit2,hindi,34,sprs0026s
seventh,btwitchett31,annually,english,40,sprs9091s
tenth,kdelcastello32,annually,maths,98,sprs7471s
tenth,kburnsall33,unit1,english,76,sprs8401s
ninth,djurges34,unit2,english,79,sprs7300s
seventh,dpartrick35,annually,social,98,sprs1582s
ninth,hyurchishin36,unit2,telugu,13,sprs4198s
seventh,cgarvill37,annually,social,74,sprs7302s
seventh,bdevigne38,quaterly,science,96,sprs7924s
sixth,icapponer39,annually,english,73,sprs0298s
sixth,agomery3a,unit2,maths,15,sprs5055s
ninth,jferrarese3b,quaterly,social,13,sprs1116s
tenth,baustick3c,half-yearly,hindi,95,sprs3207s
seventh,vhawkyens3d,quaterly,telugu,82,sprs0170s
ninth,ashanahan3e,half-yearly,english,56,sprs2127s
sixth,dwillis3f,unit2,telugu,73,sprs3554s
tenth,greinhardt3g,unit2,hindi,93,sprs7102s
eighth,nbowstead3h,quaterly,maths,71,sprs8534s
ninth,jgoodwyn3i,unit2,english,83,sprs5850s
ninth,fvannuccini3j,half-yearly,social,43,sprs8013s
seventh,nprys3k,unit1,social,35,sprs7731s
ninth,mscheffler3l,unit2,hindi,69,sprs7457s
tenth,jedgars3m,unit2,telugu,29,sprs5547s
eighth,tivan3n,annually,maths,57,sprs5902s
ninth,cswaffer3o,unit1,science,60,sprs1371s
seventh,trenackowna3p,quaterly,hindi,10,sprs4024s
eighth,rcarff3q,half-yearly,english,16,sprs3346s
ninth,imcfetrich3r,quaterly,science,38,sprs9448s
sixth,dnezey3s,annually,social,65,sprs7637s
seventh,lcheney3t,unit2,social,37,sprs3125s
seventh,blaister3u,annually,maths,41,sprs5097s
tenth,ibenito3v,unit1,science,29,sprs9088s
tenth,dsandifer3w,annually,science,42,sprs8612s
eighth,fosant3x,quaterly,social,89,sprs4079s
sixth,kpimmocke3y,quaterly,english,24,sprs1866s
ninth,iboatwright3z,half-yearly,maths,69,sprs1195s
seventh,kmarritt40,half-yearly,science,58,sprs4732s
sixth,wswinfon41,unit1,telugu,78,sprs2368s
eighth,mspedding42,half-yearly,english,52,sprs1643s
eighth,mfoakes43,unit1,english,100,sprs1418s
seventh,dpecht44,quaterly,social,31,sprs4739s
tenth,spaulack45,unit2,maths,63,sprs6206s
seventh,mmccluney46,annually,maths,50,sprs0998s
sixth,gsoggee47,annually,hindi,85,sprs1277s
tenth,sgiovani48,unit2,science,29,sprs9749s
seventh,bcoggins49,half-yearly,english,44,sprs3936s
eighth,ldouris4a,annually,hindi,99,sprs4117s
tenth,aambler4b,half-yearly,science,49,sprs7579s
eighth,dlanchester4c,unit2,science,61,sprs6018s
sixth,imoulds4d,half-yearly,science,94,sprs7164s
sixth,rscotfurth4e,quaterly,maths,96,sprs3249s
seventh,cmatskevich4f,unit2,science,11,sprs6384s
eighth,hmorecomb4g,unit2,science,51,sprs8537s
seventh,pscuse4h,quaterly,science,48,sprs0436s
seventh,ptracy4i,unit2,english,72,sprs4990s
sixth,yjacobsson4j,quaterly,maths,31,sprs0653s
sixth,glorenz4k,annually,hindi,21,sprs3382s
sixth,mdanshin4l,unit1,social,30,sprs7499s
tenth,fmclaine4m,annually,english,33,sprs9661s
eighth,rrawson4n,unit1,telugu,88,sprs8775s
sixth,asokill4o,unit1,social,85,sprs1913s
sixth,abearward4p,annually,social,36,sprs1424s
seventh,ledlestone4q,quaterly,english,12,sprs2244s
sixth,vgoldsberry4r,unit1,social,43,sprs5017s
ninth,slavens4s,unit2,english,50,sprs9834s
seventh,fbouzek4t,half-yearly,english,44,sprs8495s
eighth,mhaquard4u,quaterly,english,71,sprs6851s
ninth,mmaggs4v,half-yearly,maths,94,sprs1390s
seventh,rwehner4w,unit1,social,67,sprs1457s
seventh,iskillett4x,quaterly,maths,14,sprs9814s
sixth,tstronough4y,half-yearly,social,56,sprs7307s
ninth,ameaden4z,unit1,hindi,80,sprs4479s
seventh,eclougher50,unit2,maths,33,sprs1263s
ninth,cwhitwham51,half-yearly,social,69,sprs1699s
ninth,uvanderweedenburg52,annually,english,37,sprs5175s
ninth,bnormant53,quaterly,social,33,sprs4205s
seventh,mdelhay54,quaterly,hindi,72,sprs4884s
tenth,dschwerin55,annually,telugu,98,sprs1406s
eighth,jlorentz56,unit1,science,98,sprs5814s
ninth,teyeington57,quaterly,english,66,sprs6730s
seventh,tsapena58,annually,science,59,sprs3127s
tenth,ibesantie59,half-yearly,maths,99,sprs9989s
eighth,jdecruce5a,unit2,hindi,41,sprs0918s
eighth,gjansens5b,unit1,maths,93,sprs4670s
ninth,rollie5c,unit1,social,67,sprs7547s
tenth,cbrognot5d,half-yearly,hindi,94,sprs5739s
eighth,mwedderburn5e,half-yearly,science,46,sprs5604s
seventh,kmcclelland5f,half-yearly,english,90,sprs6017s
seventh,ebenedicte5g,annually,hindi,62,sprs5808s
eighth,gshinn5h,unit2,english,93,sprs1288s
tenth,fpruce5i,quaterly,hindi,43,sprs5388s
seventh,mfelten5j,unit1,social,86,sprs2525s
ninth,fdelahaye5k,annually,hindi,39,sprs1029s
tenth,elidbetter5l,half-yearly,telugu,19,sprs5964s
tenth,nferber5m,quaterly,hindi,63,sprs9307s
seventh,cconnick5n,unit1,telugu,62,sprs4808s
eighth,oklaggeman5o,unit2,english,85,sprs8926s
eighth,enibloe5p,quaterly,social,19,sprs0570s
seventh,cbortol5q,quaterly,science,59,sprs6562s
seventh,tedger5r,quaterly,social,21,sprs4476s
eighth,moldnall5s,half-yearly,hindi,25,sprs0132s
tenth,bbugler5t,half-yearly,social,69,sprs0235s
sixth,lkerwood5u,unit1,telugu,91,sprs1514s
ninth,pdevany5v,unit1,science,30,sprs4933s
ninth,rmichelle5w,annually,maths,27,sprs7236s
ninth,hbalasini5x,unit2,telugu,13,sprs9983s
sixth,drubinfeld5y,half-yearly,maths,49,sprs7924s
sixth,cdevanney5z,half-yearly,social,74,sprs5190s
ninth,drawson60,annually,hindi,100,sprs0734s
tenth,rrobberts61,half-yearly,science,54,sprs3967s
seventh,kwoolley62,half-yearly,hindi,73,sprs1811s
seventh,hghirigori63,unit1,science,93,sprs5438s
sixth,nmackinder64,unit2,telugu,97,sprs5592s
eighth,sapril65,half-yearly,english,76,sprs9224s
tenth,csargeant66,unit2,science,59,sprs8044s
tenth,rcrinidge67,unit2,maths,13,sprs8219s
sixth,ppryn68,unit2,telugu,26,sprs1864s
eighth,tughelli69,half-yearly,maths,79,sprs5304s
seventh,cseeney6a,half-yearly,hindi,79,sprs2570s
eighth,ncraddock6b,unit2,maths,85,sprs8365s
sixth,dmorrill6c,unit2,hindi,96,sprs6044s
seventh,wcluderay6d,quaterly,science,93,sprs5295s
seventh,dpioch6e,unit2,hindi,30,sprs2045s
sixth,bheeley6f,unit2,maths,43,sprs1664s
sixth,alinklet6g,unit1,english,10,sprs0009s
tenth,hkinsey6h,unit2,telugu,99,sprs5823s
sixth,bbugby6i,unit1,telugu,77,sprs4419s
tenth,ccreffeild6j,unit1,maths,47,sprs1376s
tenth,pjelk6k,unit1,english,90,sprs1379s
seventh,draraty6l,quaterly,maths,61,sprs1600s
tenth,groizin6m,unit2,hindi,53,sprs8257s
sixth,sheinzel6n,half-yearly,social,54,sprs0958s
sixth,wwollard6o,unit2,hindi,69,sprs4713s
seventh,cpotticary6p,quaterly,social,91,sprs5663s
seventh,vruprechter6q,unit1,maths,51,sprs9729s
seventh,nborgne6r,unit2,social,48,sprs6085s
tenth,sjeffress6s,unit2,telugu,90,sprs7128s
seventh,rcasper6t,half-yearly,hindi,91,sprs6625s
ninth,fbowley6u,annually,science,100,sprs9854s
tenth,mrucklidge6v,annually,english,18,sprs6015s
seventh,qgannon6w,quaterly,hindi,44,sprs6294s
tenth,cpill6x,unit1,maths,84,sprs7525s
sixth,jlufkin6y,quaterly,science,44,sprs4578s
eighth,sfuzzey6z,half-yearly,social,96,sprs8779s
sixth,mmcgoldrick70,annually,social,22,sprs1607s
ninth,msidle71,annually,science,38,sprs8263s
tenth,cdalzell72,half-yearly,social,90,sprs6390s
eighth,sgonoude73,annually,english,74,sprs6140s
eighth,sbetonia74,quaterly,maths,14,sprs7193s
tenth,jslym75,annually,english,51,sprs5386s
sixth,obriscam76,unit1,hindi,26,sprs6291s
ninth,kaleksandrev77,unit2,telugu,86,sprs5516s
seventh,bbeckinsale78,half-yearly,social,46,sprs1583s
eighth,uswann79,half-yearly,maths,58,sprs0971s
ninth,wturpie7a,unit2,telugu,96,sprs6841s
tenth,slord7b,quaterly,telugu,57,sprs0991s
ninth,smaskill7c,half-yearly,maths,38,sprs4981s
seventh,jolin7d,quaterly,hindi,14,sprs1962s
tenth,cgeorge7e,quaterly,science,87,sprs1745s
sixth,wtoor7f,unit1,social,85,sprs4922s
seventh,bgerholz7g,quaterly,science,57,sprs5686s
ninth,kkellard7h,unit2,social,34,sprs8490s
seventh,rkhidr7i,unit2,social,84,sprs0700s
ninth,dabilowitz7j,quaterly,maths,33,sprs9278s
seventh,dariss7k,unit2,hindi,13,sprs8004s
tenth,cgilyatt7l,unit2,telugu,86,sprs0235s
tenth,iblackford7m,half-yearly,science,23,sprs6855s
ninth,bsoames7n,half-yearly,social,93,sprs2233s
sixth,ccapstake7o,unit2,hindi,93,sprs0630s
tenth,kcastlake7p,annually,telugu,87,sprs2695s
tenth,ssprackling7q,unit1,english,15,sprs9321s
sixth,sclemenza7r,unit2,maths,59,sprs6068s
tenth,mbramo7s,annually,maths,78,sprs0701s
seventh,amatas7t,unit1,science,37,sprs9240s
eighth,hjanway7u,unit2,science,76,sprs3116s
sixth,rhilhouse7v,quaterly,maths,25,sprs6024s
seventh,rduchant7w,half-yearly,social,27,sprs4704s
tenth,cstamp7x,half-yearly,maths,14,sprs4615s
ninth,cforlonge7y,half-yearly,science,51,sprs2127s
sixth,dellaman7z,half-yearly,social,86,sprs2668s
seventh,shewins80,unit1,maths,15,sprs9081s
eighth,tconley81,unit2,social,47,sprs0878s
ninth,narchdeckne82,unit1,english,79,sprs9449s
seventh,pbentz83,annually,social,57,sprs7749s
seventh,mpindred84,half-yearly,english,63,sprs5763s
eighth,htaft85,quaterly,social,17,sprs7224s
sixth,bspeers86,half-yearly,english,31,sprs5272s
tenth,fburgisi87,annually,maths,33,sprs1892s
ninth,ldowngate88,half-yearly,telugu,30,sprs0373s
ninth,thrynczyk89,unit1,science,99,sprs7632s
seventh,sfannon8a,annually,telugu,88,sprs1141s
seventh,sjakubovitch8b,annually,science,78,sprs5356s
sixth,vpitbladdo8c,unit1,maths,39,sprs2459s
tenth,gtregido8d,unit2,telugu,55,sprs5384s
sixth,pmakeswell8e,quaterly,hindi,12,sprs3003s
seventh,teldred8f,unit2,english,33,sprs3921s
eighth,mruberry8g,half-yearly,science,11,sprs5869s
ninth,fskene8h,quaterly,maths,76,sprs3548s
seventh,eboutflour8i,unit1,social,71,sprs5192s
sixth,pgossington8j,unit2,telugu,20,sprs4591s
ninth,mewen8k,quaterly,english,17,sprs4018s
seventh,rvine8l,quaterly,hindi,36,sprs2474s
ninth,jcastles8m,quaterly,telugu,14,sprs0030s
sixth,apitkaithly8n,half-yearly,english,66,sprs0452s
sixth,abecom8o,unit1,science,62,sprs5586s
eighth,fcaulfield8p,unit1,english,45,sprs5511s
ninth,rnormanton8q,annually,maths,95,sprs7555s
seventh,fpersence8r,unit1,science,48,sprs9161s
seventh,balvarez8s,unit2,social,54,sprs3935s
ninth,hoconnolly8t,unit1,science,50,sprs8475s
sixth,lbriand8u,quaterly,social,16,sprs7608s
tenth,hwilson8v,annually,maths,78,sprs8313s
tenth,malaway8w,unit1,maths,61,sprs1545s
ninth,grichardt8x,annually,science,31,sprs2975s
sixth,jcahalan8y,quaterly,social,42,sprs4000s
tenth,cbethel8z,unit2,maths,58,sprs4201s
eighth,gbedle90,quaterly,social,20,sprs2082s
seventh,beastment91,unit2,telugu,56,sprs5991s
seventh,gshakspeare92,unit1,english,81,sprs1141s
eighth,cdoget93,quaterly,science,82,sprs7064s
sixth,cashington94,quaterly,maths,22,sprs1104s
sixth,rwyett95,quaterly,telugu,76,sprs4861s
tenth,ishermore96,quaterly,hindi,54,sprs9074s
ninth,dblackledge97,half-yearly,english,75,sprs8272s
tenth,aboteman98,unit1,science,14,sprs1057s
sixth,lhariot99,unit2,social,62,sprs9751s
sixth,lgocher9a,annually,science,96,sprs0884s
sixth,bskitch9b,unit2,social,17,sprs5631s
seventh,bpriestman9c,unit1,english,80,sprs2534s
eighth,audey9d,unit1,social,64,sprs4878s
seventh,pcostan9e,annually,social,68,sprs8772s
ninth,cbarmadier9f,quaterly,social,52,sprs8814s
ninth,mjoddins9g,half-yearly,telugu,20,sprs0439s
seventh,msacase9h,half-yearly,telugu,85,sprs1972s
ninth,lkondrat9i,annually,science,12,sprs1756s
eighth,dbrockelsby9j,half-yearly,science,77,sprs8793s
sixth,sbrackenridge9k,unit1,science,76,sprs4329s
sixth,dbownd9l,quaterly,hindi,94,sprs4104s
tenth,edieton9m,half-yearly,telugu,64,sprs0825s
ninth,mbon9n,quaterly,social,93,sprs7029s
sixth,dorrice9o,unit1,telugu,81,sprs9010s
ninth,floges9p,annually,hindi,78,sprs8417s
tenth,blillecrop9q,annually,telugu,70,sprs9795s
sixth,dbauduccio9r,quaterly,science,73,sprs9042s
ninth,hswire9s,unit1,hindi,84,sprs9667s
seventh,dwitcombe9t,unit1,social,23,sprs0127s
tenth,odavidof9u,annually,science,16,sprs0099s
sixth,cbudik9v,unit1,hindi,51,sprs6780s
sixth,dmyott9w,half-yearly,maths,49,sprs3130s
eighth,crobey9x,unit1,telugu,81,sprs3415s
ninth,mroddick9y,quaterly,telugu,93,sprs9992s
tenth,ljedrychowski9z,half-yearly,social,94,sprs8300s
eighth,pmcconnala0,unit2,hindi,27,sprs7405s
seventh,ccardea1,half-yearly,telugu,57,sprs0762s
ninth,mjosipovitza2,unit1,social,17,sprs8848s
tenth,tenrricoa3,quaterly,maths,48,sprs1995s
seventh,apetrowskya4,unit2,science,33,sprs2731s
eighth,ldewsnapa5,quaterly,maths,16,sprs7227s
eighth,tellissa6,half-yearly,telugu,48,sprs6157s
ninth,iboddymeada7,unit2,telugu,61,sprs7502s
ninth,mpricea8,unit2,science,31,sprs6814s
ninth,lcargona9,half-yearly,maths,19,sprs1885s
ninth,ravramovichaa,quaterly,english,82,sprs9655s
ninth,bsaddletonab,unit2,english,52,sprs1999s
tenth,kodoughertyac,quaterly,maths,78,sprs8435s
sixth,fludead,unit2,maths,71,sprs9164s
seventh,dmanicomae,unit1,science,80,sprs5904s
tenth,nrisbroughaf,half-yearly,social,40,sprs6877s
eighth,jspancockag,unit2,social,48,sprs2696s
ninth,mturfreyah,unit1,english,38,sprs5041s
ninth,blabroueai,unit1,hindi,85,sprs8306s
eighth,eburkaj,unit1,science,99,sprs6378s
eighth,gaikenheadak,annually,social,13,sprs4992s
eighth,aaspenlonal,annually,social,100,sprs2069s
ninth,lbrayshayam,annually,social,51,sprs2612s
sixth,bjorryan,quaterly,science,21,sprs3094s
tenth,ksaffleao,half-yearly,maths,66,sprs4776s
sixth,cortellap,annually,hindi,41,sprs4483s
ninth,dshimminaq,quaterly,english,19,sprs9381s
eighth,cbrandoniar,half-yearly,maths,78,sprs3726s
sixth,lmaccollas,quaterly,science,41,sprs0636s
ninth,spetruschat,unit2,telugu,51,sprs0569s
seventh,somahonyau,quaterly,science,13,sprs2485s
ninth,kfoxtonav,quaterly,english,50,sprs0801s
sixth,mscarlinaw,half-yearly,english,84,sprs6334s
ninth,flegroveax,unit1,hindi,33,sprs6104s
seventh,hjankiewiczay,half-yearly,hindi,88,sprs2596s
eighth,strudgianaz,half-yearly,science,63,sprs0733s
sixth,kverdeyb0,quaterly,social,22,sprs8405s
seventh,fgriersonb1,half-yearly,hindi,97,sprs4938s
seventh,vmilvertonb2,annually,english,40,sprs4377s
tenth,fvasilyevskib3,half-yearly,telugu,53,sprs6887s
ninth,udreganb4,quaterly,science,19,sprs0267s
sixth,dmckernonb5,quaterly,hindi,41,sprs7968s
sixth,tfurnivalb6,unit1,telugu,75,sprs4840s
tenth,wcarverhillb7,unit2,hindi,91,sprs5865s
ninth,kharnessb8,quaterly,hindi,24,sprs7148s
sixth,rcardonb9,unit2,hindi,95,sprs0866s
eighth,fstiellba,annually,telugu,98,sprs4841s
sixth,calbanybb,annually,telugu,38,sprs1687s
sixth,srunnaclesbc,annually,hindi,52,sprs7095s
sixth,cyeolandbd,quaterly,telugu,56,sprs4020s
eighth,kfoadbe,half-yearly,telugu,68,sprs5159s
seventh,ebachelarbf,quaterly,science,24,sprs4022s
ninth,rspraggsbg,annually,english,66,sprs1438s
eighth,ecavendishbh,unit1,social,88,sprs9594s
ninth,kdelagnesbi,annually,hindi,34,sprs1417s
eighth,callcottbj,unit2,maths,78,sprs6655s
ninth,mlednerbk,unit1,telugu,70,sprs7551s
sixth,rmolderbl,annually,social,91,sprs0696s
seventh,hbimrosebm,unit1,telugu,63,sprs9126s
sixth,pcullabinebn,annually,hindi,13,sprs5024s
ninth,bodyvoiebo,quaterly,telugu,56,sprs7200s
tenth,sgolbournbp,annually,hindi,74,sprs9393s
sixth,mgounybq,unit2,maths,74,sprs3122s
eighth,awarbysbr,unit2,maths,10,sprs8930s
seventh,tgodardbs,half-yearly,social,91,sprs2921s
eighth,alassellsbt,unit2,maths,38,sprs0160s
eighth,bmacounbu,half-yearly,telugu,20,sprs5476s
seventh,bohagirtiebv,annually,maths,44,sprs2792s
seventh,bferraronbw,annually,english,77,sprs4268s
sixth,lcamfieldbx,unit2,science,99,sprs5586s
ninth,nbunworthby,unit1,social,55,sprs9398s
sixth,dheijnebz,annually,hindi,66,sprs8850s
tenth,tbiasioc0,half-yearly,science,95,sprs7430s
tenth,msherryc1,annually,social,38,sprs6167s
sixth,renderbyc2,annually,science,67,sprs3299s
seventh,moertzenc3,unit1,english,58,sprs8096s
eighth,jwhinrayc4,unit2,maths,29,sprs1193s
sixth,ggawkec5,quaterly,science,18,sprs8946s
seventh,mmatyushenkoc6,unit2,social,95,sprs6682s
sixth,sganifordc7,unit2,hindi,74,sprs1742s
tenth,fwinnardc8,half-yearly,english,36,sprs2493s
ninth,lreynaldsc9,annually,english,92,sprs1705s
seventh,ddythamca,annually,english,13,sprs7596s
ninth,cfindlowcb,unit1,telugu,18,sprs0147s
ninth,dkeighercc,quaterly,science,70,sprs3994s
sixth,jlingfootcd,half-yearly,science,86,sprs6242s
seventh,gbuchance,unit2,maths,95,sprs0024s
ninth,dkeatcf,quaterly,social,68,sprs4587s
ninth,madamoucg,annually,social,45,sprs9650s
sixth,lduffinch,unit2,social,94,sprs3885s
tenth,pbartelotci,unit1,english,30,sprs2328s
tenth,lrembrandtcj,unit2,maths,51,sprs9136s
ninth,hscurrerck,unit1,english,87,sprs9600s
eighth,bfarrencl,annually,maths,67,sprs6634s
ninth,ekearleycm,unit2,hindi,53,sprs7953s
seventh,ckemsoncn,quaterly,science,20,sprs4515s
ninth,ewethco,quaterly,english,45,sprs3270s
tenth,lmackeancp,unit2,hindi,63,sprs4921s
eighth,efindlatercq,unit1,hindi,91,sprs5206s
sixth,nguerrerucr,annually,science,71,sprs6527s
eighth,kgauntlettcs,unit2,english,33,sprs1235s
sixth,egiacominict,annually,hindi,97,sprs3779s
eighth,rknellencu,unit2,social,32,sprs9152s
eighth,dklempscv,unit1,hindi,16,sprs8119s
sixth,jhutleycw,half-yearly,english,28,sprs3108s
ninth,stoderinicx,unit2,maths,33,sprs4634s
tenth,nmilchcy,half-yearly,social,11,sprs4042s
tenth,cpatrisksoncz,half-yearly,telugu,15,sprs6440s
eighth,rpiollid0,unit2,social,31,sprs4175s
eighth,mparrattd1,half-yearly,maths,49,sprs6121s
seventh,adarwind2,quaterly,maths,51,sprs4874s
ninth,vfarndond3,unit2,telugu,93,sprs3413s
ninth,mboncoeurd4,unit1,social,46,sprs3857s
tenth,eeadmeadesd5,annually,science,40,sprs6330s
tenth,ahebborned6,unit2,social,79,sprs5105s
eighth,pextenced7,quaterly,social,70,sprs3576s
seventh,asomnerd8,quaterly,telugu,63,sprs5512s
ninth,fnotherd9,annually,telugu,23,sprs2007s
seventh,rcamlinda,half-yearly,telugu,58,sprs2239s
eighth,vkindedb,half-yearly,science,13,sprs7251s
sixth,mblivendc,quaterly,telugu,58,sprs3410s
tenth,mkondratowiczdd,quaterly,english,91,sprs5149s
sixth,psockellde,quaterly,hindi,63,sprs8845s
seventh,blampreydf,annually,telugu,69,sprs4501s
eighth,rkrolldg,unit1,english,55,sprs0018s
tenth,tcatheedh,unit2,social,12,sprs9081s
ninth,jgleaderdi,unit2,science,10,sprs5731s
eighth,itabernerdj,half-yearly,social,34,sprs6116s
tenth,lhelversendk,annually,english,66,sprs9160s
ninth,oclitheroedl,unit2,telugu,19,sprs3133s
seventh,ssynnotdm,half-yearly,hindi,49,sprs1816s
tenth,tswyersexeydn,unit2,maths,38,sprs6204s
sixth,jlillemando,half-yearly,hindi,11,sprs9673s
ninth,flavaldedp,unit1,english,10,sprs4745s
eighth,kmaclleesedq,quaterly,science,100,sprs8728s
ninth,thallwarddr,half-yearly,english,38,sprs9686s
tenth,cakriggds,unit2,social,23,sprs6320s
eighth,mtamblingdt,unit1,science,23,sprs9643s
sixth,mpetrakovdu,annually,hindi,86,sprs4057s
ninth,ebridgwaterdv,annually,social,44,sprs0934s
tenth,lpadberydw,unit2,maths,71,sprs2367s
seventh,rtesoedx,half-yearly,social,13,sprs1148s
eighth,lheephydy,quaterly,maths,13,sprs7278s
sixth,mnusseydz,unit2,english,39,sprs5592s
seventh,kwayville0,quaterly,maths,60,sprs5585s
tenth,hjoannice1,annually,telugu,13,sprs4409s
ninth,tcrownshawe2,unit2,social,54,sprs9575s
eighth,ymorphete3,annually,science,70,sprs0162s
ninth,ltimline4,quaterly,hindi,78,sprs8495s
tenth,cfilimoree5,annually,maths,15,sprs5707s
ninth,lfairpoole6,unit2,science,57,sprs5402s
ninth,jferruccie7,annually,telugu,28,sprs0085s
eighth,pgunninghame8,quaterly,maths,31,sprs6485s
seventh,postlere9,unit1,social,52,sprs4943s
sixth,lelstonea,unit1,english,64,sprs5107s
seventh,amontiereb,half-yearly,science,13,sprs1151s
ninth,anavarreec,half-yearly,telugu,17,sprs3289s
ninth,fdolbeyed,unit2,social,81,sprs6488s
seventh,fpriestee,quaterly,english,90,sprs0469s
ninth,lmacfaddenef,unit1,hindi,99,sprs6582s
sixth,lhalpineg,half-yearly,social,72,sprs0641s
tenth,apaigeeh,half-yearly,telugu,12,sprs4542s
ninth,hlevesleyei,annually,english,14,sprs8566s
seventh,ndalrympleej,unit1,hindi,38,sprs7270s
eighth,ggoodwynek,half-yearly,english,43,sprs8409s
ninth,wbrewittel,unit2,hindi,71,sprs2720s
tenth,kduggetem,quaterly,science,35,sprs2823s
seventh,ybyssheen,half-yearly,telugu,15,sprs9712s
sixth,escantleburyeo,unit1,english,96,sprs5093s
sixth,vgowngeep,quaterly,social,57,sprs9429s
ninth,aollerearnshaweq,unit2,hindi,33,sprs0526s
sixth,cenderser,quaterly,science,91,sprs9746s
sixth,mquinneyes,unit1,science,52,sprs4039s
ninth,fdahleret,quaterly,telugu,71,sprs1227s
seventh,ngooderridgeeu,unit2,science,77,sprs7637s
sixth,rpoileev,half-yearly,english,71,sprs3875s
eighth,jmahedyew,half-yearly,maths,57,sprs5678s
sixth,mmillwardex,annually,english,23,sprs4502s
ninth,cparkeyey,quaterly,english,43,sprs7212s
sixth,croddamez,unit1,social,65,sprs8802s
sixth,mscoginf0,unit2,maths,14,sprs3562s
eighth,sheathcotef1,half-yearly,telugu,95,sprs4374s
tenth,jrogezf2,unit1,english,86,sprs7575s
eighth,honeliganf3,annually,social,25,sprs6674s
eighth,jboydellf4,half-yearly,hindi,62,sprs9948s
eighth,cbaronf5,annually,telugu,19,sprs4325s
eighth,ccasterotf6,annually,english,83,sprs0858s
ninth,bsteddallf7,unit2,science,56,sprs9611s
ninth,abarthorpef8,unit1,science,15,sprs9162s
sixth,rmedlinf9,annually,social,78,sprs4015s
eighth,kalpfa,half-yearly,social,59,sprs9399s
ninth,jcockillfb,half-yearly,hindi,48,sprs7260s
ninth,aforcefc,unit1,social,93,sprs2542s
seventh,dyoxallfd,unit2,social,63,sprs6899s
tenth,aohalloranfe,quaterly,science,29,sprs6787s
sixth,dtodariniff,annually,telugu,72,sprs7304s
tenth,zazamfg,annually,maths,80,sprs7659s
tenth,mbonasfh,half-yearly,social,50,sprs5976s
seventh,kleupoldtfi,annually,social,78,sprs9379s
eighth,apiaggiafj,quaterly,science,17,sprs7430s
sixth,jhellisfk,unit2,social,52,sprs2084s
ninth,sliddiattfl,unit1,maths,68,sprs1275s
ninth,ncharterfm,half-yearly,telugu,37,sprs4419s
eighth,amacuchadairfn,half-yearly,telugu,55,sprs4218s
ninth,abartosekfo,unit1,maths,26,sprs3978s
seventh,sholganfp,unit1,science,26,sprs2642s
eighth,rlawesfq,unit2,english,84,sprs7585s
tenth,rgillebridefr,annually,maths,51,sprs8733s
seventh,jpedroccofs,annually,science,53,sprs2760s
tenth,asnellingft,quaterly,english,78,sprs1188s
seventh,mcanlinfu,quaterly,telugu,66,sprs8198s
tenth,emcwatersfv,unit1,maths,11,sprs3744s
seventh,glewingfw,unit2,hindi,72,sprs4954s
sixth,swestnedgefx,quaterly,maths,100,sprs7251s
tenth,abluettfy,annually,english,63,sprs3451s
tenth,agallemorefz,unit1,telugu,73,sprs3309s
seventh,jgomesg0,quaterly,english,24,sprs5527s
tenth,plangmuirg1,unit1,hindi,71,sprs4110s
tenth,rgebbieg2,unit2,social,78,sprs5568s
eighth,vgregorioug3,unit2,english,13,sprs7435s
ninth,jhussetg4,quaterly,social,73,sprs5002s
eighth,gdumingog5,unit1,maths,93,sprs6905s
ninth,bbestwerthickg6,half-yearly,hindi,19,sprs5069s
tenth,ostockleg7,annually,social,40,sprs9707s
seventh,ahuskinsong8,quaterly,english,62,sprs7332s
seventh,cclemmeng9,quaterly,social,56,sprs3662s
eighth,nfrancoisga,quaterly,maths,91,sprs1857s
ninth,uerrolgb,quaterly,social,82,sprs6998s
ninth,vbakergc,annually,science,70,sprs5027s
eighth,tseabrookegd,annually,science,97,sprs2912s
eighth,ngoublierge,quaterly,social,100,sprs1484s
tenth,cmonnerygf,unit2,social,94,sprs5284s
seventh,komanniongg,half-yearly,social,18,sprs6760s
ninth,smooresgh,half-yearly,maths,86,sprs2497s
tenth,amackengi,annually,english,72,sprs6047s
seventh,dstoffelsgj,unit2,maths,71,sprs8587s
sixth,bskermergk,annually,hindi,82,sprs3541s
eighth,hanticgl,unit1,telugu,71,sprs0352s
tenth,rspeakgm,half-yearly,english,83,sprs2889s
sixth,ngobertgn,unit2,science,56,sprs8393s
ninth,kairetongo,unit1,hindi,83,sprs7595s
ninth,nchristoflegp,quaterly,maths,100,sprs0836s
ninth,aoldreygq,annually,hindi,86,sprs5946s
ninth,cegglegr,half-yearly,social,59,sprs8889s
seventh,chandforthgs,annually,maths,56,sprs8910s
tenth,lgilffillangt,quaterly,english,62,sprs1823s
ninth,qeringtongu,unit1,social,96,sprs0748s
seventh,tleipoldgv,quaterly,maths,69,sprs1819s
tenth,prableaugw,unit2,english,13,sprs4117s
tenth,wlurcockgx,half-yearly,social,51,sprs7852s
ninth,hslevingy,quaterly,telugu,74,sprs2138s
tenth,ogarforthgz,half-yearly,hindi,51,sprs4262s
tenth,wwoolveridgeh0,annually,maths,92,sprs8984s
seventh,emartth1,annually,hindi,90,sprs6015s
seventh,evalintineh2,quaterly,english,70,sprs5501s
sixth,ahewkinh3,annually,english,83,sprs6355s
ninth,lwainscoath4,quaterly,maths,74,sprs0273s
tenth,vhaycoxh5,unit1,social,91,sprs8836s
sixth,bglashbyh6,unit2,social,40,sprs9391s
tenth,tpennettih7,unit2,english,63,sprs2085s
tenth,eokuddyhyh8,unit1,social,28,sprs1564s
ninth,dfittesh9,half-yearly,social,63,sprs3075s
tenth,asandersonha,unit1,telugu,12,sprs8035s
tenth,npratleyhb,unit2,telugu,81,sprs3686s
tenth,aofarrishc,unit2,english,79,sprs6504s
tenth,dfranyhd,quaterly,science,68,sprs4002s
eighth,beastamhe,unit2,telugu,86,sprs2939s
seventh,tgroobyhf,annually,telugu,16,sprs5448s
sixth,mmacginleyhg,half-yearly,telugu,91,sprs7444s
ninth,edewhh,unit1,english,72,sprs2757s
tenth,nvannshi,annually,hindi,45,sprs4494s
ninth,cbullenhj,unit2,science,63,sprs1270s
sixth,kjephcotthk,annually,maths,52,sprs3184s
tenth,vcoreyhl,unit2,hindi,15,sprs9209s
eighth,eforestelhm,annually,social,92,sprs0501s
sixth,nswirehn,unit2,hindi,53,sprs2862s
sixth,alechelleho,half-yearly,english,12,sprs9443s
seventh,akaserhp,half-yearly,english,82,sprs6577s
tenth,fwyardhq,unit2,english,67,sprs4962s
sixth,spaddonhr,unit1,english,22,sprs6782s
seventh,atipplehs,half-yearly,telugu,56,sprs4554s
seventh,msimmersht,annually,telugu,77,sprs6760s
tenth,gjerdeinhu,half-yearly,social,34,sprs6537s
eighth,tsymperhv,half-yearly,hindi,35,sprs2377s
seventh,cbrittlehw,unit2,science,34,sprs6395s
ninth,ssitlintonhx,annually,hindi,55,sprs0219s
sixth,hwoodrooffehy,unit1,science,48,sprs9385s
ninth,ilisetthz,quaterly,social,63,sprs4123s
sixth,dforesighti0,annually,science,32,sprs5651s
tenth,flodwigi1,unit1,science,13,sprs1935s
tenth,tkettlesi2,unit2,science,90,sprs6092s
ninth,mcommussoi3,unit2,hindi,32,sprs9005s
ninth,sferfullei4,unit1,hindi,25,sprs4742s
seventh,jocollopyi5,half-yearly,english,35,sprs1615s
ninth,jcassiei6,unit1,social,86,sprs3530s
tenth,bpulteneyei7,unit1,telugu,52,sprs6710s
tenth,hmccardlei8,quaterly,science,74,sprs2803s
eighth,mfarfooti9,quaterly,social,87,sprs1215s
sixth,tsteaneia,unit2,maths,71,sprs8383s
seventh,nclemersonib,quaterly,social,24,sprs8066s
ninth,vhingic,half-yearly,telugu,76,sprs9553s
eighth,mpittwoodid,half-yearly,social,92,sprs7729s
ninth,aeulerie,unit1,english,79,sprs8485s
ninth,tdanilchevif,unit1,social,23,sprs6493s
sixth,bkiosselig,quaterly,english,59,sprs6441s
tenth,apaskerfulih,quaterly,telugu,88,sprs4143s
ninth,hpalombiii,half-yearly,maths,92,sprs5437s
ninth,trodenburgij,quaterly,telugu,91,sprs0217s
tenth,pjaycockik,quaterly,english,85,sprs3390s
eighth,sfeechumil,quaterly,hindi,63,sprs2560s
tenth,fwyettim,unit1,english,21,sprs5814s
seventh,mfullin,unit1,maths,13,sprs1320s
eighth,kcastroio,half-yearly,science,66,sprs4038s
seventh,ekordaip,quaterly,hindi,66,sprs4313s
eighth,ndanielsohniq,half-yearly,english,43,sprs8312s
seventh,pcasacciair,unit2,hindi,50,sprs4127s
sixth,sbostockis,half-yearly,science,48,sprs2867s
sixth,bbowdonit,quaterly,social,58,sprs6400s
sixth,jpollardiu,half-yearly,maths,48,sprs0740s
eighth,kgoftoniv,unit2,english,29,sprs9266s
sixth,gpautotiw,annually,science,61,sprs9785s
ninth,sstoodix,quaterly,hindi,16,sprs0269s
tenth,pdrummeriy,unit2,english,95,sprs6506s
eighth,anisetiz,annually,telugu,17,sprs3913s
ninth,dpoundesfordj0,unit1,english,40,sprs2276s
seventh,imabbsj1,unit1,hindi,25,sprs2983s
eighth,fspillerj2,quaterly,english,18,sprs5357s
sixth,jespinasj3,half-yearly,english,10,sprs1939s
tenth,opavelinj4,quaterly,english,76,sprs3490s
eighth,mklimkowskij5,annually,telugu,99,sprs5899s
ninth,qpallinj6,half-yearly,english,71,sprs0881s
tenth,cswendellj7,annually,english,85,sprs2040s
sixth,awhiskerj8,annually,maths,32,sprs0663s
ninth,rprobatj9,quaterly,maths,63,sprs0007s
tenth,mgerardja,half-yearly,science,53,sprs9795s
seventh,nlystonjb,annually,hindi,98,sprs3175s
tenth,lmaidesjc,quaterly,social,81,sprs5117s
ninth,dlangmeadjd,unit1,social,43,sprs3111s
tenth,tspranklingje,quaterly,maths,49,sprs5183s
seventh,cmargachjf,unit1,english,12,sprs5769s
eighth,tcrevaghjg,annually,telugu,80,sprs6559s
sixth,apybusjh,annually,social,97,sprs7643s
tenth,cwhippji,half-yearly,science,40,sprs0177s
ninth,cpfaffjj,unit2,maths,84,sprs0264s
ninth,dbeardshawjk,annually,telugu,43,sprs5692s
tenth,agosnoldjl,quaterly,social,16,sprs4979s
eighth,kspellmanjm,unit2,hindi,92,sprs0139s
ninth,glichtfothjn,half-yearly,science,68,sprs9872s
ninth,dkonzeljo,annually,hindi,90,sprs9946s
tenth,kblackwayjp,unit1,hindi,78,sprs6339s
seventh,tmorajq,unit1,telugu,45,sprs8808s
eighth,sbassonjr,annually,hindi,58,sprs1585s
seventh,ttallquistjs,half-yearly,telugu,69,sprs5918s
ninth,aserjentjt,quaterly,social,46,sprs2673s
ninth,istannerju,half-yearly,social,75,sprs0228s
ninth,gbillinghamjv,annually,social,91,sprs4732s
ninth,rpettifordjw,annually,social,61,sprs4226s
eighth,khambersjx,quaterly,telugu,72,sprs5416s
seventh,iwheatonjy,annually,hindi,21,sprs7473s
sixth,lcaughtejz,unit2,english,51,sprs9168s
tenth,mcaulcottk0,annually,social,82,sprs9323s
eighth,pradolfk1,unit2,english,36,sprs0008s
tenth,ngoundsyk2,half-yearly,hindi,67,sprs0413s
ninth,ctixierk3,unit2,maths,42,sprs3382s
eighth,wziemsk4,quaterly,maths,80,sprs3481s
tenth,cdanielczykk5,half-yearly,social,49,sprs2245s
sixth,gespasak6,annually,maths,10,sprs0638s
eighth,vpoundfordk7,unit2,science,62,sprs2987s
ninth,nmarklowk8,half-yearly,social,58,sprs5042s
seventh,bkondratowiczk9,half-yearly,social,92,sprs4950s
eighth,dlevetka,unit2,hindi,63,sprs2114s
ninth,cyarnallkb,quaterly,social,72,sprs1732s
tenth,cpeacekc,quaterly,english,41,sprs2321s
seventh,aguerolakd,half-yearly,hindi,35,sprs2957s
eighth,jstledgerke,unit2,science,57,sprs4034s
seventh,hraittiekf,quaterly,english,22,sprs8128s
tenth,rhallgalleykg,unit1,science,38,sprs9392s
sixth,mhammersleykh,quaterly,social,81,sprs3134s
seventh,jebrallki,half-yearly,hindi,16,sprs9664s
seventh,khailekj,half-yearly,english,65,sprs3933s
tenth,mgoscombkk,quaterly,english,31,sprs4347s
ninth,pchetterkl,half-yearly,english,53,sprs5740s
eighth,tcarryerkm,half-yearly,english,51,sprs0656s
seventh,alabbekn,half-yearly,telugu,97,sprs1784s
sixth,bbruggerko,half-yearly,hindi,93,sprs0703s
seventh,asonnenscheinkp,unit2,english,89,sprs6690s
tenth,mduxburykq,unit1,english,80,sprs8271s
tenth,balderseakr,unit2,hindi,82,sprs5721s
tenth,cocuolahanks,annually,science,15,sprs2400s
tenth,athomasenkt,unit1,telugu,84,sprs7597s
tenth,fkewzickku,unit2,hindi,61,sprs4048s
tenth,adrewetkv,annually,hindi,19,sprs8689s
eighth,rpaulakw,unit2,telugu,25,sprs0893s
tenth,vethingtonkx,unit1,maths,77,sprs3805s
sixth,jcasinaky,annually,social,56,sprs4461s
seventh,kgadsdonkz,quaterly,telugu,81,sprs2527s
seventh,rdudinl0,unit1,telugu,38,sprs5673s
ninth,eferminl1,unit1,english,73,sprs8058s
ninth,mjendrickel2,quaterly,telugu,93,sprs3677s
seventh,drydzynskil3,annually,english,24,sprs0887s
eighth,jbleythinl4,annually,hindi,29,sprs8193s
eighth,mshilitol5,half-yearly,telugu,71,sprs7359s
seventh,dclanceyl6,unit2,telugu,31,sprs8681s
eighth,nhinchcliffel7,half-yearly,maths,19,sprs8364s
eighth,aporkissl8,half-yearly,english,55,sprs1399s
ninth,ctrowerl9,unit2,hindi,65,sprs4046s
eighth,fpetschella,half-yearly,science,100,sprs3487s
eighth,gbuddleslb,unit2,telugu,41,sprs6493s
tenth,cdeverelllc,quaterly,science,91,sprs0404s
eighth,hstarmerld,unit1,maths,58,sprs6774s
tenth,ereamanle,unit1,social,72,sprs4772s
sixth,gagnololf,unit2,telugu,49,sprs5764s
sixth,njerroltlg,unit1,maths,97,sprs6713s
tenth,awattersonlh,half-yearly,science,84,sprs5458s
tenth,kfugereli,half-yearly,maths,30,sprs8414s
tenth,charradencelj,quaterly,english,79,sprs3771s
tenth,lyveslk,unit2,telugu,88,sprs0124s
ninth,tmcturleyll,unit1,hindi,50,sprs4202s
ninth,phubatschlm,unit1,social,94,sprs6902s
ninth,smatterseyln,unit1,science,19,sprs8846s
tenth,mallawylo,half-yearly,hindi,72,sprs9379s
ninth,abraybrookelp,unit1,social,37,sprs9785s
seventh,cspennocklq,unit1,english,57,sprs7024s
tenth,pofarrislr,unit1,maths,80,sprs8386s
eighth,sbrosells,half-yearly,maths,87,sprs9647s
eighth,icristofanolt,annually,english,97,sprs6251s
tenth,kcompstonlu,annually,telugu,77,sprs6489s
sixth,mhorbathlv,unit2,maths,51,sprs3380s
tenth,reveleighlw,half-yearly,english,52,sprs6098s
sixth,ekeyworthlx,unit1,science,25,sprs7751s
ninth,rpenswickly,quaterly,english,41,sprs2989s
ninth,jphillimorelz,unit2,hindi,76,sprs5008s
seventh,rkauffmanm0,half-yearly,english,25,sprs6758s
tenth,apanchenm1,unit2,english,25,sprs6309s
tenth,bbillingslym2,half-yearly,science,18,sprs0874s
tenth,lmacgiollapheadairm3,unit2,maths,54,sprs4694s
tenth,klecountm4,half-yearly,telugu,83,sprs2977s
ninth,vdowseym5,annually,hindi,60,sprs6911s
ninth,dbowkettm6,quaterly,telugu,16,sprs5985s
ninth,cdonatim7,unit1,english,29,sprs4693s
seventh,tdobbingm8,annually,telugu,88,sprs8488s
eighth,boliphardm9,annually,english,41,sprs3601s
tenth,cbeeverma,unit2,social,41,sprs3213s
sixth,rbotlermb,half-yearly,hindi,99,sprs9142s
eighth,ceamermc,unit1,hindi,32,sprs3821s
ninth,colifauntmd,half-yearly,maths,80,sprs8133s
tenth,vmacalpinme,unit2,telugu,94,sprs3241s
eighth,fkunathmf,unit1,english,43,sprs3206s
seventh,sshallomg,unit2,science,27,sprs5737s
ninth,talldredmh,annually,hindi,59,sprs4988s
sixth,ccrecymi,unit1,english,54,sprs8202s
seventh,mjolliffemj,annually,science,91,sprs5901s
tenth,tcrutmk,quaterly,maths,15,sprs2427s
seventh,ipakemanml,quaterly,telugu,72,sprs0817s
tenth,smcmonniesmm,unit2,telugu,90,sprs0515s
ninth,glisamoremn,quaterly,science,57,sprs0672s
ninth,rmasdingmo,unit2,telugu,44,sprs9233s
eighth,hgetcliffmp,half-yearly,science,73,sprs9209s
tenth,bpurvermq,unit1,telugu,82,sprs3857s
sixth,cceasermr,half-yearly,hindi,41,sprs4889s
tenth,etitterellms,half-yearly,science,86,sprs8047s
ninth,tfanthomemt,annually,telugu,81,sprs3716s
eighth,jpeasgoodmu,unit2,english,51,sprs5347s
sixth,rlorenzinmv,unit2,social,11,sprs7270s
tenth,sharrymw,quaterly,science,76,sprs2274s
tenth,mwalaronmx,quaterly,maths,31,sprs1599s
seventh,tbrokenshiremy,unit1,maths,73,sprs7135s
eighth,djacobovitchmz,unit2,english,52,sprs4144s
seventh,wsawneyn0,annually,hindi,10,sprs1040s
tenth,dgoodsalln1,half-yearly,science,63,sprs8245s
eighth,gdown2,half-yearly,maths,70,sprs3616s
eighth,jharrowingn3,quaterly,telugu,83,sprs1389s
eighth,htregonnan4,unit2,hindi,29,sprs0254s
ninth,alandn5,annually,english,90,sprs5911s
tenth,csimmoniten6,half-yearly,english,70,sprs5939s
seventh,ebaudinotn7,quaterly,maths,73,sprs3906s
tenth,ikermannesn8,unit2,science,53,sprs2201s
ninth,kcaytonn9,quaterly,social,54,sprs1203s
eighth,qleupoldtna,unit2,telugu,21,sprs7902s
tenth,mzorzininb,annually,social,52,sprs3916s
ninth,hborthenc,quaterly,social,81,sprs6111s
sixth,ddemetznd,quaterly,english,30,sprs1851s
ninth,amixonne,annually,science,38,sprs3407s
eighth,tshielnf,quaterly,maths,94,sprs2238s
sixth,tparnallng,unit2,hindi,85,sprs4989s
tenth,egroddennh,half-yearly,hindi,35,sprs8308s
seventh,iforbesni,unit2,telugu,87,sprs5075s
tenth,rbohikenj,unit2,telugu,85,sprs5678s
seventh,mcurleynk,quaterly,science,83,sprs8293s
seventh,dsproulnl,quaterly,maths,45,sprs9417s
seventh,lbriddocknm,annually,science,79,sprs7572s
seventh,tburtenshawnn,unit2,social,28,sprs5263s
ninth,jwreifordno,half-yearly,science,24,sprs0528s
eighth,pwaudnp,unit2,maths,33,sprs2947s
sixth,afawbertnq,quaterly,science,62,sprs5435s
ninth,ncorderynr,half-yearly,social,33,sprs3773s
eighth,wfranciottins,unit2,science,38,sprs4179s
ninth,llaflinnt,unit1,english,39,sprs1001s
tenth,hthoulessnu,annually,social,32,sprs9286s
sixth,alidgertonnv,half-yearly,english,20,sprs8475s
tenth,bgookesnw,annually,english,72,sprs2092s
sixth,rtaphousenx,annually,english,76,sprs3506s
eighth,vrichinny,half-yearly,english,70,sprs0259s
ninth,sashbynz,unit2,telugu,96,sprs5493s
sixth,nillistono0,unit2,maths,45,sprs6582s
eighth,bconstantineo1,half-yearly,english,31,sprs3153s
seventh,lpolleyo2,half-yearly,maths,17,sprs5539s
sixth,bdymicko3,annually,english,52,sprs8203s
ninth,dsanjao4,half-yearly,social,11,sprs2359s
seventh,nkilmurryo5,unit1,telugu,89,sprs1877s
tenth,msandarso6,quaterly,english,87,sprs1129s
seventh,lmullendero7,unit1,science,45,sprs5369s
tenth,clemmerso8,quaterly,english,76,sprs1432s
sixth,ztregonnao9,half-yearly,maths,57,sprs9642s
eighth,lmegaheyoa,half-yearly,hindi,56,sprs0363s
ninth,gambrosettiob,unit2,social,88,sprs8804s
sixth,gmccoleoc,half-yearly,maths,72,sprs2922s
tenth,nhunnicuttod,half-yearly,maths,32,sprs7533s
seventh,claidlawoe,unit2,social,39,sprs3809s
eighth,ftwedeof,annually,maths,49,sprs5937s
tenth,bmeltonog,unit2,english,47,sprs7648s
eighth,jjansikoh,half-yearly,social,52,sprs8231s
sixth,cgoddardoi,unit2,telugu,64,sprs7829s
tenth,ccarbettoj,annually,english,52,sprs4533s
seventh,fedesonok,unit2,science,94,sprs9344s
tenth,vyerlettol,half-yearly,telugu,43,sprs6130s
eighth,bbardenom,quaterly,telugu,36,sprs0230s
tenth,wpearmineon,unit2,english,39,sprs0023s
sixth,cleonardeoo,half-yearly,maths,61,sprs0479s
sixth,ehadrillop,annually,social,29,sprs2450s
sixth,wwoltersoq,quaterly,science,34,sprs3586s
ninth,stintonor,annually,social,63,sprs2777s
seventh,lbruteos,half-yearly,english,13,sprs1696s
tenth,rgarfootot,quaterly,hindi,83,sprs8478s
sixth,lmckennanou,half-yearly,hindi,56,sprs9303s
sixth,kachrameevov,unit1,telugu,39,sprs9620s
tenth,lashbrookow,annually,english,38,sprs0853s
eighth,imcglaughnox,unit2,english,41,sprs5876s
tenth,khadleighoy,annually,english,12,sprs3652s
ninth,bgaunteroz,quaterly,social,49,sprs0424s
eighth,nbonnettep0,unit1,social,78,sprs5689s
tenth,rpapezp1,unit1,english,62,sprs6635s
seventh,rgerreltsp2,quaterly,telugu,61,sprs0379s
eighth,asamterp3,half-yearly,telugu,93,sprs0727s
seventh,akneebonep4,half-yearly,hindi,80,sprs4798s
sixth,xmaginotp5,unit2,social,81,sprs7422s
tenth,ltixallp6,annually,science,39,sprs8282s
ninth,rkrochp7,annually,english,96,sprs3928s
tenth,mcuttlesp8,annually,english,72,sprs5419s
tenth,bmakiverp9,quaterly,social,81,sprs8458s
seventh,dbeebeepa,quaterly,science,29,sprs2868s
sixth,lrotherypb,annually,english,52,sprs8340s
sixth,sbaffpc,annually,social,17,sprs2900s
seventh,heliapd,quaterly,science,35,sprs7560s
ninth,mtierneype,quaterly,maths,53,sprs2305s
tenth,ulivardpf,unit2,telugu,60,sprs2228s
tenth,tlotteringtonpg,quaterly,science,90,sprs1832s
sixth,gglewph,quaterly,telugu,100,sprs8441s
tenth,mwooddissepi,half-yearly,english,63,sprs1179s
eighth,jcastellopj,quaterly,science,61,sprs6145s
tenth,rorbonpk,quaterly,social,38,sprs3684s
seventh,kgrevelpl,unit2,maths,93,sprs2993s
tenth,epiffordpm,unit2,science,24,sprs0551s
sixth,jpetrassopn,unit2,social,73,sprs1357s
sixth,ggarrawaypo,unit1,social,86,sprs7347s
tenth,bfrewpp,annually,hindi,74,sprs9405s
sixth,slarventpq,quaterly,maths,57,sprs3877s
sixth,eollanderpr,unit1,telugu,86,sprs3909s
sixth,jgooddingps,half-yearly,science,13,sprs3294s
seventh,bheathcoatpt,unit2,social,10,sprs2376s
sixth,gpozerpu,quaterly,hindi,14,sprs4815s
ninth,achallenderpv,unit1,social,27,sprs1002s
tenth,jblenchpw,annually,hindi,34,sprs2593s
sixth,lpohlakpx,unit1,english,59,sprs2589s
eighth,lbiddulphpy,quaterly,maths,10,sprs2021s
ninth,epremblepz,annually,maths,38,sprs6866s
tenth,jveelersq0,unit1,social,68,sprs8426s
eighth,hsharpeq1,half-yearly,english,13,sprs7864s
seventh,jreubbensq2,annually,telugu,62,sprs6387s
ninth,grandalsq3,unit2,english,88,sprs1832s
sixth,ptrobridgeq4,half-yearly,english,64,sprs9740s
tenth,yvasyukhichevq5,annually,telugu,30,sprs4161s
sixth,ofedoronkoq6,unit1,social,69,sprs9464s
sixth,acrunkhornq7,unit1,social,95,sprs4576s
seventh,bwalkdenq8,half-yearly,hindi,36,sprs9768s
tenth,mbarnabyq9,unit2,telugu,60,sprs4843s
eighth,jjatczakqa,half-yearly,social,96,sprs7029s
eighth,dmuckersieqb,unit2,science,19,sprs0836s
sixth,vmathesqc,unit1,telugu,30,sprs1406s
sixth,ktomashovqd,half-yearly,hindi,29,sprs1756s
eighth,dsussamsqe,quaterly,maths,46,sprs3553s
ninth,qalldridgeqf,half-yearly,english,76,sprs2213s
eighth,afullbrookqg,annually,maths,88,sprs1395s
tenth,bpfefferqh,unit2,telugu,60,sprs7399s
tenth,jgazeyqi,annually,science,90,sprs0859s
seventh,rstledgerqj,unit1,telugu,100,sprs4277s
sixth,pschoalesqk,annually,hindi,22,sprs1783s
seventh,mcolafateql,half-yearly,social,59,sprs9685s
sixth,spaintenqm,unit2,maths,69,sprs2305s
ninth,sklammtqn,half-yearly,maths,41,sprs5159s
sixth,hgrigoreqo,unit2,telugu,46,sprs4652s
eighth,nfairlieqp,unit2,maths,99,sprs1817s
tenth,mfitzroyqq,annually,maths,60,sprs4789s
eighth,balbuttqr,half-yearly,maths,27,sprs0300s
sixth,jpenvarneqs,half-yearly,social,98,sprs5277s
eighth,kandreeqt,quaterly,telugu,65,sprs3684s
sixth,amaypolequ,unit2,hindi,53,sprs4382s
ninth,ghaskeyqv,unit1,telugu,16,sprs6847s
eighth,iolennikovqw,half-yearly,hindi,25,sprs9883s
ninth,sricciardielloqx,unit2,science,66,sprs3002s
eighth,nruppqy,annually,hindi,35,sprs9266s
eighth,meversleyqz,half-yearly,maths,24,sprs2231s
ninth,lzarfair0,unit2,science,86,sprs7397s
eighth,lleidenr1,annually,hindi,34,sprs7243s
sixth,svolkerr2,unit2,english,18,sprs1379s
seventh,tstockmanr3,half-yearly,hindi,27,sprs5283s
ninth,vfobidger4,half-yearly,hindi,70,sprs9263s
ninth,sbubbingsr5,half-yearly,social,53,sprs3140s
tenth,emeadwayr6,half-yearly,maths,66,sprs7877s
eighth,ddunckleer7,unit1,science,23,sprs8978s
seventh,esetterr8,unit1,maths,98,sprs9980s
eighth,mlerwellr9,half-yearly,social,56,sprs9752s
tenth,cburgessra,half-yearly,telugu,84,sprs4540s
eighth,gisaakrb,annually,social,35,sprs0152s
ninth,fstothardrc,unit2,english,99,sprs9682s
tenth,tbullonrd,quaterly,hindi,62,sprs5825s
ninth,vambrogionire,annually,telugu,13,sprs6213s
tenth,iadacotrf,unit2,social,27,sprs1492s
tenth,saucoaterg,half-yearly,science,22,sprs3737s
seventh,grahlofrh,unit2,english,69,sprs8598s
ninth,jcolisberi,unit2,telugu,27,sprs0987s
tenth,aslixbyrj,half-yearly,science,59,sprs5228s
sixth,riuoriork,unit2,social,46,sprs9042s
tenth,mmaddenrl,unit2,hindi,36,sprs1048s
sixth,lgooldingrm,half-yearly,hindi,52,sprs8390s
tenth,jdurakrn,quaterly,maths,41,sprs1444s
tenth,msayersro,unit1,science,74,sprs1017s
eighth,mwaymanrp,annually,hindi,72,sprs1983s
seventh,awolfartrq,quaterly,hindi,67,sprs1534s
seventh,svannsrr,unit1,telugu,74,sprs8557s
